{
  "goal_amount": 1.3661966579575002,
  "description_length": -0.2824114836217023,
  "story_length": -0.2081116062781247,
  "user_age_days": 0.3848098291066318,
  "num_images": 1.186184855344904,
  "has_video": 0.033069499262819504,
  "avg_donation_amount": 0.85135493742309
}